{"v":"5.6.6","ip":0,"op":80,"fr":60,"w":1707,"h":1707,"layers":[{"ind":1557,"nm":"surface4874","ao":0,"ip":0,"op":80,"st":0,"ty":4,"ks":{"ty":"tr","o":{"k":100},"r":{"k":0},"p":{"a":0,"k":[0,0,0],"ix":2},"a":{"k":[0,0]},"s":{"k":[133.36,133.36]},"sk":{"k":0},"sa":{"k":0}},"shapes":[{"ty":"gr","hd":false,"nm":"surface4874","it":[{"ty":"gr","hd":false,"it":[{"ty":"sh","ks":{"k":{"i":[[0,0],[-0.3,-0.7],[-1,0.9],[0,2.2],[3.1,0],[1.2,-2.8]],"o":[[-1.1,2.5],[0.7,1.8],[1.2,-1.3],[0,-2.3],[-1,0],[0,0]],"v":[[191.9,934.6],[190.4,940.5],[199.5,945.2],[203,935.6],[195.5,930],[191.9,934.6]],"c":true}}},{"ty":"fl","o":{"k":100},"c":{"k":[0,0,1]}},{"ty":"tr","o":{"k":100},"r":{"k":0},"p":{"k":[0,0]},"a":{"k":[0,0]},"s":{"k":[100,100]},"sk":{"k":0},"sa":{"k":0},"hd":false}]},{"ty":"gr","hd":false,"it":[{"ty":"sh","ks":{"k":{"i":[[0,0],[0,-0.8],[-1.9,0],[-1.3,2.8],[0,0],[0,0],[2.1,-5.9]],"o":[[-0.9,2.7],[0,1.4],[0.5,0],[0,0],[0,0],[-4.5,-4.7],[0,0]],"v":[[508.7,855.9],[507,862.3],[514.9,868],[518,862.89],[520.2,857.79],[516.9,854.39],[508.7,855.89]],"c":true}}},{"ty":"fl","o":{"k":100},"c":{"k":[0,0,1]}},{"ty":"tr","o":{"k":100},"r":{"k":0},"p":{"k":[0,0]},"a":{"k":[0,0]},"s":{"k":[100,100]},"sk":{"k":0},"sa":{"k":0},"hd":false}]},{"ty":"gr","hd":false,"it":[{"ty":"sh","ks":{"k":{"i":[[0,0],[12.1,-21.6],[9.2,-6.7],[-0.9,9.5],[-8.3,9.4],[-1.4,10.6],[0.5,1.3],[2,-4.5],[0,-0.4],[8.5,-9.9],[1.5,-3],[-0.4,-9.1],[-5.8,-4.3],[-5.1,2.6],[-9.6,18.8],[-9,4.1],[-6,-3],[-0.4,0.3],[-0.9,2.5],[6.3,4],[6.7,0],[3.2,-1.7]],"o":[[-6.6,3.6],[-14.8,26.3],[-8.3,6],[0.7,-6.5],[12.1,-13.8],[0.3,-2.8],[-0.8,-2.3],[-1.2,2.7],[0,1.9],[-5.1,6],[-2.4,4.8],[0.3,10.7],[4.1,3],[9.6,-4.9],[12.2,-24.2],[5.7,-2.6],[2.7,1.4],[0.5,-0.3],[1.9,-5.7],[-4,-2.6],[-6.1,0],[0,0]],"v":[[900.2,845.2],[866.5,890.5],[837.6,930.2],[822.2,923],[833.6,902.6],[852.4,868.4],[852.1,860.9],[849.1,863.3],[847,868.9],[829.4,893.3],[817.4,909.6],[815.2,924.9],[822.3,942.4],[841.6,943.2],[872.3,905.1],[906.2,860],[921.1,860.5],[926.9,862.5],[929.4,857.4],[924.2,845.9],[912,843],[900.2,845.2]],"c":true}}},{"ty":"fl","o":{"k":100},"c":{"k":[0,0,1]}},{"ty":"tr","o":{"k":100},"r":{"k":0},"p":{"k":[0,0]},"a":{"k":[0,0]},"s":{"k":[100,100]},"sk":{"k":0},"sa":{"k":0},"hd":false}]},{"ty":"gr","hd":false,"it":[{"ty":"sh","ks":{"k":{"i":[[0,0],[6.3,-2.3],[3.7,-10.2],[0.1,-8.3],[-3.1,-6.3],[-15.8,-0.8],[-9.3,6.6],[-9.8,14.7],[-4,2.1],[-1.8,0],[0,0],[0,0],[4.8,0],[16,-22.7],[10,-4.9],[8.8,0],[5,2.5],[1.6,5.7],[-2.5,4.9],[-12.1,4.5],[-2.2,3.2],[4.4,-2.9]],"o":[[-1.9,1.2],[-18.6,6.8],[-1.7,4.6],[0,9.9],[6.3,12.9],[11,0.6],[7.6,-5.4],[8.6,-12.8],[1.6,-0.8],[0,0],[0,0],[-0.7,-8.8],[-4.9,0],[-15,21.2],[-6.4,3.1],[-8.4,0],[-7,-3.4],[-1.5,-5.6],[3.5,-6.8],[10.2,-3.9],[2.7,-3.8],[0,0]],"v":[[673,830.5],[658,836.9],[630.8,857.6],[628.5,874],[631.8,891.2],[665,911.7],[695.3,902.7],[716.9,877.7],[739,851.5],[745.11,850],[748.3,850],[747.8,843.7],[741.11,833],[718.5,857.5],[681.5,896.1],[665,899.5],[649.8,896.7],[633.91,879.7],[635.91,858.2],[657.21,842.7],[675.91,832.09],[673.01,830.49]],"c":true}}},{"ty":"fl","o":{"k":100},"c":{"k":[0,0,1]}},{"ty":"tr","o":{"k":100},"r":{"k":0},"p":{"k":[0,0]},"a":{"k":[0,0]},"s":{"k":[100,100]},"sk":{"k":0},"sa":{"k":0},"hd":false}]},{"ty":"gr","hd":false,"it":[{"ty":"sh","ks":{"k":{"i":[[0,0],[0,-1.6],[1.9,0],[0.4,1.7],[0.7,-5.9],[1.9,0],[0.4,1.4],[0.9,-4.6],[1.2,-1.3],[1.6,0],[1.7,1.9],[2.9,-1.6],[0.6,-7.6],[-2.8,-2.2],[-5.1,0.3],[0.3,-2.5],[1.7,-3],[14,-4.3],[9.2,0.4],[0,-0.4],[-8.9,-1.5],[-6.9,2.3],[-3.1,17.1],[0,0],[0,0],[-2.1,1.8],[-1.4,0.4],[-2.3,3.7],[0,0],[0,0],[-8.9,0],[-1.3,3.4],[0,0],[0,0],[-7.7,5.5],[-3.4,7.2],[-7.1,-0.2],[-1.1,3.1],[1.6,1.3],[3,0.6],[1.5,0.7],[0.8,0],[-0.6,-4.8],[7.5,-5.1],[4.4,2.6],[-0.9,3.5],[1.5,0],[0.2,-0.6],[0.6,-2.2],[8.3,8.8],[0,0],[0,0],[1,5.7],[1.1,-2.7]],"o":[[-0.3,0.9],[0,3.4],[-0.7,0],[-0.9,-4.6],[-0.6,4.8],[-0.6,0],[-0.9,-3.6],[-0.5,2.2],[-2.7,2.8],[-0.6,0],[-3.4,-3.9],[-3.1,1.6],[-0.5,7.1],[2.3,1.8],[5.9,-0.3],[-0.2,1.4],[-7.5,12.7],[-7.4,2.4],[-5.8,-0.3],[0,1.1],[8.4,1.4],[11,-3.8],[0,0],[0,0],[2.6,-1.4],[2,-1.8],[4,-1.3],[0,0],[0,0],[3.4,8.8],[6.8,0],[0,0],[0,0],[7.1,6.9],[3.2,-2.3],[5.4,-11.6],[5.2,0.1],[1.5,-4.2],[-0.7,-0.7],[-3,-0.6],[-1.5,-0.8],[-2,0],[0.9,7],[-4.8,3.3],[-3,-1.9],[1.2,-4],[-0.5,0],[-0.2,0.7],[-3.4,12.8],[0,0],[0,0],[2.8,-4.9],[-0.9,-4.6],[0,0]],"v":[[1024.6,828.5],[1024,833.1],[1019.5,841],[1017.6,837.9],[1013.9,840.8],[1008,852],[1006.4,849.5],[1002.8,851.5],[999.8,857.8],[986,867],[981.9,863.5],[969.9,859.1],[964.3,873.4],[966.6,882.9],[975.5,884.8],[981.2,887],[977.7,894.89],[945.3,920.59],[926.5,922.79],[916,923.09],[933.39,928.09],[961.5,926.39],[985.7,890.59],[987.5,880.79],[992.3,878.39],[1000.8,872.59],[1007,868.49],[1016.1,861.29],[1018.3,857.79],[1020.1,862.49],[1038.9,875.99],[1052,870.39],[1053.1,867.69],[1056.3,870.79],[1079,872.89],[1087.4,860.7],[1101.4,847.89],[1107.9,844.79],[1107.7,835.19],[1100.9,832.89],[1092.8,830.39],[1088.6,828.99],[1085.3,840.19],[1073.8,861.19],[1060.3,862.09],[1058.1,856.39],[1056.9,842.99],[1055.6,844.19],[1054.1,849.59],[1024.9,859.39],[1022.5,856.89],[1024.7,853.09],[1028.3,832.09],[1024.6,828.49]],"c":true}}},{"ty":"fl","o":{"k":100},"c":{"k":[0,0,1]}},{"ty":"tr","o":{"k":100},"r":{"k":0},"p":{"k":[0,0]},"a":{"k":[0,0]},"s":{"k":[100,100]},"sk":{"k":0},"sa":{"k":0},"hd":false}]},{"ty":"gr","hd":false,"it":[{"ty":"sh","ks":{"k":{"i":[[0,0],[0,-0.8],[-1.8,0.7],[-1,2.8],[0,0],[0,0],[2,-5.7]],"o":[[-0.9,2.7],[0,1.7],[0.6,-0.2],[0,0],[0,0],[-4.8,-4],[0,0]],"v":[[689.7,824.9],[688,831.2],[696.7,836.3],[699.6,830.8],[701.3,825.7],[697.9,822.9],[689.7,824.9]],"c":true}}},{"ty":"fl","o":{"k":100},"c":{"k":[0,0,1]}},{"ty":"tr","o":{"k":100},"r":{"k":0},"p":{"k":[0,0]},"a":{"k":[0,0]},"s":{"k":[100,100]},"sk":{"k":0},"sa":{"k":0},"hd":false}]},{"ty":"gr","hd":false,"it":[{"ty":"sh","ks":{"k":{"i":[[0,0],[0,-1.4],[-1.4,0],[0,1.8],[2.2,1.7],[0.7,-1]],"o":[[-1.1,1.4],[0,0.9],[0.7,0],[0,-0.7],[-2.9,-2.3],[0,0]],"v":[[705.3,820.3],[701,831.5],[709.5,837],[714,826.5],[710.1,822.1],[705.3,820.3]],"c":true}}},{"ty":"fl","o":{"k":100},"c":{"k":[0,0,1]}},{"ty":"tr","o":{"k":100},"r":{"k":0},"p":{"k":[0,0]},"a":{"k":[0,0]},"s":{"k":[100,100]},"sk":{"k":0},"sa":{"k":0},"hd":false}]},{"ty":"gr","hd":false,"it":[{"ty":"sh","ks":{"k":{"i":[[0,0],[0,-6],[-2.2,-1.7],[-3.2,2.2],[6.8,-12.8],[7.6,-5.1],[6.8,-2.3],[-0.1,-0.6],[-6.4,1.4],[-5.3,21.2],[2.3,6.9],[6,-3.8]],"o":[[-1.9,1.2],[0,4.5],[3.2,2.5],[6.5,-4.6],[-4,7.6],[-3.3,2.2],[-6.6,2.2],[0.1,1.5],[15.9,-3.4],[2.5,-9.5],[-4.1,-11.7],[0,0]],"v":[[1145.2,817.9],[1141,833.6],[1143.6,840.9],[1156.7,841.5],[1155.8,866.2],[1135.2,888.7],[1117.7,896.5],[1105.9,901.5],[1133,901.9],[1164.5,865.5],[1164.7,833.3],[1145.2,817.9]],"c":true}}},{"ty":"fl","o":{"k":100},"c":{"k":[0,0,1]}},{"ty":"tr","o":{"k":100},"r":{"k":0},"p":{"k":[0,0]},"a":{"k":[0,0]},"s":{"k":[100,100]},"sk":{"k":0},"sa":{"k":0},"hd":false}]},{"ty":"gr","hd":false,"it":[{"ty":"sh","ks":{"k":{"i":[[0,0],[-5.7,-3],[-0.5,0],[0,2.7],[2,0],[1.3,-3.3]],"o":[[-2.4,6.7],[1.5,0.8],[1.2,0],[0,-1.8],[-0.5,0],[0,0]],"v":[[1054,812.1],[1057.2,821.5],[1060.8,823],[1065,813.1],[1057.2,806],[1054,812.1]],"c":true}}},{"ty":"fl","o":{"k":100},"c":{"k":[0,0,1]}},{"ty":"tr","o":{"k":100},"r":{"k":0},"p":{"k":[0,0]},"a":{"k":[0,0]},"s":{"k":[100,100]},"sk":{"k":0},"sa":{"k":0},"hd":false}]},{"ty":"gr","hd":false,"it":[{"ty":"sh","ks":{"k":{"i":[[0,0],[0,-1.4],[-1.9,0],[-0.3,1.1],[-3.7,-2.5],[-1.9,6.2],[5.7,2.4],[1,-2.4],[0,0],[0,0],[0.9,-1.1]],"o":[[-1.3,1.5],[0,1.1],[0.7,0],[0.8,-2.5],[4.9,3.2],[2,-6.1],[-3.7,-1.5],[0,0],[0,0],[-3.6,-2],[0,0]],"v":[[319.2,806.3],[315,815.9],[323.5,821],[325.5,819],[330.5,819],[338.6,815.5],[334.7,806.5],[330,807.4],[329.11,809.9],[324.71,807.4],[319.21,806.3]],"c":true}}},{"ty":"fl","o":{"k":100},"c":{"k":[0,0,1]}},{"ty":"tr","o":{"k":100},"r":{"k":0},"p":{"k":[0,0]},"a":{"k":[0,0]},"s":{"k":[100,100]},"sk":{"k":0},"sa":{"k":0},"hd":false}]},{"ty":"gr","hd":false,"it":[{"ty":"sh","ks":{"k":{"i":[[0,0],[3.7,1.9],[0.9,-4.7],[-3,-1.2],[-3.3,1.7],[0,-0.5],[1.9,-5.4],[-2.1,-17.8],[-12,0],[-5,5.5],[0,13.1],[-2,0.5],[-4.5,9.5],[-7,-0.3],[0,0],[0,0],[6.8,2],[1.8,0.8],[0.8,0],[-0.8,-4],[5.1,-5.2],[5,5.9],[0.5,0],[0,-4.5],[-1,-0.8],[3.7,-7.5],[3.1,-1],[4.8,4.5],[0.1,15.4],[-9.8,27.9],[1.3,4.5],[2.9,0.2],[2,-1.1]],"o":[[-4.3,2.3],[-3.5,-1.9],[-0.8,4.4],[3.7,1.4],[1.7,-0.9],[0,0.6],[-10.3,28.9],[2.4,21.5],[6,0],[6.9,-7.7],[0,-4.5],[5.8,-1.4],[5.7,-11.9],[0,0],[0,0],[2,-6.9],[-3.3,-1],[-1.8,-0.8],[-1.9,0],[1,4.8],[-6.6,6.6],[-2.3,-2.7],[-1.2,0],[0,2.2],[5.3,4.4],[-2.4,4.5],[-3.8,1.2],[-7.6,-7.3],[0,-16.2],[3.5,-9.7],[-0.7,-2.5],[-1.9,-0.2],[0,0]],"v":[[503,796],[493.6,796.5],[487.6,800.4],[491.7,811.1],[505,810.5],[508,809.89],[504.5,820.7],[492.11,890.5],[514.8,924.2],[529.5,916.89],[541,882.29],[543.3,876.59],[558.3,860.79],[572.61,847.69],[577.91,847.99],[579.11,844.19],[573.5,833.69],[564.2,830.39],[559.5,828.99],[556.4,840.39],[549,858.09],[536,858.89],[531,853.99],[528,865.09],[529.7,870.09],[533,896.09],[520.8,908.59],[507.61,903.49],[498.5,876.49],[509.8,825.89],[514.2,797.49],[509.9,794.29],[503,795.99]],"c":true}}},{"ty":"fl","o":{"k":100},"c":{"k":[0,0,1]}},{"ty":"tr","o":{"k":100},"r":{"k":0},"p":{"k":[0,0]},"a":{"k":[0,0]},"s":{"k":[100,100]},"sk":{"k":0},"sa":{"k":0},"hd":false}]},{"ty":"gr","hd":false,"it":[{"ty":"sh","ks":{"k":{"i":[[0,0],[0.7,-1.9],[-4.5,-2.6],[-1.4,1.8],[-0.6,2.2],[3.9,3.3],[0.9,-2.4]],"o":[[-0.3,1],[-2.1,5.2],[4,2.2],[0.7,-1],[1.2,-3.9],[-4.4,-3.8],[0,0]],"v":[[1025.3,774.7],[1023.4,779.9],[1026.2,789],[1031.7,789.4],[1034.2,783.6],[1031.5,776.3],[1025.3,774.7]],"c":true}}},{"ty":"fl","o":{"k":100},"c":{"k":[0,0,1]}},{"ty":"tr","o":{"k":100},"r":{"k":0},"p":{"k":[0,0]},"a":{"k":[0,0]},"s":{"k":[100,100]},"sk":{"k":0},"sa":{"k":0},"hd":false}]},{"ty":"gr","hd":false,"it":[{"ty":"sh","ks":{"k":{"i":[[0,0],[0,-0.6],[1,-2.1],[0.3,-1.8],[-3.7,-1.9],[-0.9,1.1],[0,1],[2,2],[0,0],[0,0],[-1.9,5.8],[0,0],[0,0],[0.7,0],[1,-3.1]],"o":[[-1.1,3.1],[-0.1,0.5],[-1,2.2],[-0.5,3],[3.2,1.6],[1,-1.2],[0,-0.3],[0,0],[0,0],[4.5,2.2],[0,0],[0,0],[-2,-1.7],[-0.7,0],[0,0]],"v":[[1015.5,764.7],[1013.5,771.5],[1011.6,776.4],[1009.3,783.6],[1012.8,788.9],[1017.9,789.6],[1022,780.6],[1018.3,776.5],[1014.5,772.8],[1017.8,774.5],[1025.41,770.3],[1027.11,765.5],[1023.61,762.2],[1018.71,759],[1015.51,764.7]],"c":true}}},{"ty":"fl","o":{"k":100},"c":{"k":[0,0,1]}},{"ty":"tr","o":{"k":100},"r":{"k":0},"p":{"k":[0,0]},"a":{"k":[0,0]},"s":{"k":[100,100]},"sk":{"k":0},"sa":{"k":0},"hd":false}]},{"ty":"gr","hd":false,"it":[{"ty":"sh","ks":{"k":{"i":[[0,0],[0,-4.3],[0,0],[0,0],[1.3,-9],[-10,-11],[-2.1,-5.5],[6.2,-14.8],[0.4,-1.7],[-1.8,0.9],[-1.7,4.6],[-0.5,0.5],[0.1,-10],[27.3,-15.1],[0,-0.5],[-6.4,1.7],[-5.4,10.6],[0,14.7],[4.1,12.2],[0.9,22.1],[0.4,0],[1.4,-2.3]],"o":[[-2.7,4.9],[0,0],[0,0],[-5.6,-5.3],[-1.8,11.6],[9.3,10.1],[3.1,8.2],[-1.4,3.4],[-0.5,3],[3.7,-2],[1,-2.6],[1.3,-1.5],[-0.3,22.1],[-3.8,2],[0,1.5],[11.2,-2.9],[4.1,-8.1],[0,-14.3],[-6.6,-19.1],[-0.3,-8.3],[-0.5,0],[0,0]],"v":[[788.6,757.2],[784,772.4],[784,775.3],[781.7,773.2],[766.5,781.39],[778.3,813.7],[793.1,834],[789.6,859.7],[786.3,869],[787.7,871.2],[797.5,859.2],[800.1,853.59],[802.4,869.99],[762.8,923.39],[756,927.99],[774.4,927.49],[805.4,902.19],[811,871.19],[805.5,835.89],[793.3,768.19],[791.9,752.99],[788.6,757.19]],"c":true}}},{"ty":"sh","ks":{"k":{"i":[[0,0],[0.9,-1.9],[-4,4.3],[-0.6,-5.8],[-0.9,-2.6],[0.2,-0.2],[7.5,11],[0,3.9],[-0.4,0.3],[-0.7,-1.2]],"o":[[0.4,0.5],[-2.8,5.9],[1.8,-2],[0.4,3.2],[0.8,2.7],[-0.4,0.5],[-3.6,-5.3],[0,-2.6],[1,-1.1],[0,0]],"v":[[778.5,782.1],[777.6,786.5],[782.9,793.89],[785.4,797.7],[787.7,808.3],[788.8,813.5],[777.3,798.2],[773,787.09],[773.7,781.7],[778.5,782.09]],"c":true}}},{"ty":"fl","o":{"k":100},"c":{"k":[0,0,1]}},{"ty":"tr","o":{"k":100},"r":{"k":0},"p":{"k":[0,0]},"a":{"k":[0,0]},"s":{"k":[100,100]},"sk":{"k":0},"sa":{"k":0},"hd":false}]},{"ty":"gr","hd":false,"it":[{"ty":"sh","ks":{"k":{"i":[[0,0],[0.6,-3.3],[2,2.4],[3,-2.4],[-0.5,-8.1],[-10.4,-11.5],[-0.9,-7.5],[4,-10.2],[-7.7,8.3],[-0.6,2.2],[-1.4,-5.1],[18.5,-13.7],[4.3,-2.4],[0.2,-0.6],[-7.1,1.8],[-5.5,11.5],[0.6,18.2],[3.9,12],[0.9,3.5],[0.6,14.9],[0.4,0],[1.4,-2.5]],"o":[[-1.5,2.4],[-1.2,6.3],[-1.8,-2.1],[-3.6,2.8],[0.7,9.4],[9.4,10.5],[0.5,4.3],[-6.5,16.3],[2.5,-2.6],[2.2,-7],[5.3,19.6],[-3.9,2.8],[-4.4,2.4],[-0.6,1.8],[11.9,-3.1],[4.2,-9.2],[-0.4,-15.4],[-2.2,-6.9],[-3.4,-13.6],[-0.3,-8.3],[-0.5,0],[0,0]],"v":[[415.5,757.5],[411.7,768],[408,772.5],[397.7,773],[393.2,789.1],[407.5,816],[421.6,840.6],[417.6,857.2],[419.2,867.2],[424.9,858.4],[428.6,856.5],[406.3,912.8],[391.5,922.3],[383.2,927.8],[401.4,927.5],[433.1,900.7],[437.7,866.5],[433.2,838],[427.5,819.2],[420.3,768.2],[418.9,753],[415.5,757.5]],"c":true}}},{"ty":"sh","ks":{"k":{"i":[[0,0],[0.7,-0.7],[0,-2.1],[-3.2,2.3],[-0.7,-5.5],[-1.1,-3],[6.4,8.5],[0,5],[-0.4,0.3],[-0.6,-1.6]],"o":[[0.3,0.8],[-0.6,0.6],[0,4.6],[2,-1.4],[0.4,3.2],[2,6],[-8.7,-11.5],[0,-2.6],[1.2,-1.3],[0,0]],"v":[[405.7,782.6],[405.1,785.3],[404,790.2],[409.8,794.4],[412.6,798.7],[415.2,810],[410.8,807.5],[400,787],[400.7,781.7],[405.7,782.6]],"c":true}}},{"ty":"fl","o":{"k":100},"c":{"k":[0,0,1]}},{"ty":"tr","o":{"k":100},"r":{"k":0},"p":{"k":[0,0]},"a":{"k":[0,0]},"s":{"k":[100,100]},"sk":{"k":0},"sa":{"k":0},"hd":false}]},{"ty":"gr","hd":false,"it":[{"ty":"sh","ks":{"k":{"i":[[0,0],[0,-1.6],[0.9,0.9],[1.6,0],[0,-7.1],[-5.4,-6.4],[0,-8.6],[1.8,-5.1],[0,-0.6],[-2.1,5.3],[0.6,-5.2],[8.9,-7.8],[9.4,0.5],[-3,6.1],[5.8,2.7],[-1.2,-13.2],[1.5,-0.7],[2.1,7.3],[2.4,13.5],[3.8,-3.8],[-6.9,-34.6],[0,-0.9],[6.5,-4.3],[4.3,4.3],[0,5.6],[1.7,0],[11.2,-15.9],[15,-2.3],[5.6,11.7],[-2.9,6.3],[-14.5,5.5],[-2.4,3.3],[4.7,-2.8],[7,-2.6],[4.1,-8.4],[0.4,-9.7],[-8.1,-8.3],[-14,2.1],[-16.1,24.2],[-2.3,3],[0,0],[0,0],[-4.8,-1.3],[-3.4,1.5],[-3.9,12.9],[-0.3,0.4],[-0.6,-4.2],[-4.5,-5],[-3.6,0],[-1.7,3.2],[-0.5,0],[-3.5,-2.4],[-6.7,1.1],[-7.9,8.4],[-2.7,14],[5.6,22.1],[0.4,8.8],[3.7,-6]],"o":[[-1.1,1.8],[0,2.3],[-0.7,-0.7],[-4,0],[0.1,7],[6,7.1],[0,5.7],[-1.4,3.8],[0,3.3],[1.1,-3],[-1,10.3],[-8.3,7.3],[-10.5,-0.4],[4.5,-9.1],[-7.2,-3.2],[0.4,4],[-4.6,2.5],[-1.2,-3.9],[-5.1,-28.4],[-2.7,2.7],[2.5,12.2],[0,4.2],[-6.2,4.1],[-3.1,-3.1],[0,-5.3],[-2.4,0],[-20.5,29.2],[-14.8,2.4],[-2.9,-5.8],[3.7,-8.1],[9.8,-3.7],[2.9,-4.1],[-2.1,1.2],[-16.5,6.2],[-3,5.9],[-0.4,14.2],[9.5,9.5],[17.6,-2.5],[5.5,-8.3],[0,0],[0,0],[1.8,5.3],[3.2,0.9],[8.8,-3.9],[0.7,-2.5],[0.4,-0.4],[1.6,9.6],[3.1,3.4],[4.5,0],[0.6,-1.2],[0.6,0],[7,4.8],[6.3,-1.1],[11.6,-12.1],[2.5,-13.4],[-2.1,-8.5],[-0.6,-13.4],[0,0]],"v":[[370,751.2],[368,757.4],[366.8,759.2],[362.8,758],[356.7,768.9],[364.9,789],[372,807.6],[369.5,822.2],[367,830.1],[374.8,822.7],[375.4,825],[359.8,853.4],[338,861.8],[329.2,854.1],[326.4,829.1],[312.2,853.2],[310.9,859],[300.6,851.8],[287,786],[276.2,756.2],[282.5,811.8],[287,835.7],[269.39,858.9],[255.39,858.6],[252,849.1],[250.1,843],[230.5,866],[182.39,908.8],[147.09,892.6],[147.09,869],[170.29,851.6],[186.99,842],[184.29,840],[167.69,847],[143.79,863.9],[140.09,881.2],[149.89,910],[184.7,921.1],[229.7,885.5],[244,865.1],[248.3,859.6],[249.7,863.5],[261.39,875.1],[269.39,874.3],[287,851],[289,845.7],[290.89,852.5],[298.59,871],[306.39,875],[318,869.1],[320,867],[327.39,871.4],[346.29,876.5],[362.79,865.5],[382.59,829.3],[378.79,784.5],[375.29,760.2],[369.99,751.2]],"c":true}}},{"ty":"sh","ks":{"k":{"i":[[0,0],[0.3,-1.2],[-2.1,0.8],[-0.7,-4],[0.2,-0.2],[1.1,3.5],[-1.8,-0.7],[0.1,-0.8]],"o":[[-0.1,0.8],[-0.7,2.4],[0.9,-0.3],[0.6,3.2],[-0.6,0.6],[-1.3,-4.1],[0.7,0.2],[0,0]],"v":[[364.3,767.1],[363.5,770.6],[367.4,775.4],[369.7,780.7],[370.5,786.8],[362.1,772.8],[363.3,765.3],[364.3,767.1]],"c":true}}},{"ty":"sh","ks":{"k":{"i":[[0,0],[3.7,-3.5],[1.8,3.3],[-2,2.4],[-2.9,-1.1]],"o":[[2.6,1],[-3.5,3.4],[-0.8,-1.5],[2.6,-3.1],[0,0]],"v":[[325.4,841.6],[323.6,848.9],[317,849],[318.6,844.1],[325.4,841.6]],"c":true}}},{"ty":"fl","o":{"k":100},"c":{"k":[0,0,1]}},{"ty":"tr","o":{"k":100},"r":{"k":0},"p":{"k":[0,0]},"a":{"k":[0,0]},"s":{"k":[100,100]},"sk":{"k":0},"sa":{"k":0},"hd":false}]},{"ty":"gr","hd":false,"it":[{"ty":"sh","ks":{"k":{"i":[[0,0],[0,-5.8],[0.6,-4.7],[0.6,-7.4],[0.5,-5.2],[0.9,-10.5],[0.5,-4.1],[0,-2],[0,0],[0,0],[0,0],[1.3,-16.5],[0.3,-1.9],[-0.5,-0.7],[-112,0],[-0.4,0.4],[-2.1,24.6],[-1.7,18.6],[-0.6,6.9],[-0.5,4.9],[0.8,0.8],[7.7,-0.6]],"o":[[-4.8,0.4],[0,2.5],[-0.5,4.7],[-0.6,7.4],[-0.5,5.2],[-0.9,10.4],[-0.6,4.1],[0,0],[0,0],[0,0],[-0.5,2.6],[-0.5,6.3],[-0.3,1.9],[0.7,1],[77.2,0],[0.8,-0.8],[1.3,-15.4],[0.9,-8.8],[0.6,-6.9],[2.4,-23],[-0.9,-0.8],[0,0]],"v":[[368.5,499.8],[363,506.9],[362,519.9],[360,542],[358,565],[355.5,593.5],[353,620],[352,631.2],[352,635],[124,635],[123.6,637.2],[121,664],[119.5,679],[119.8,683.8],[261,685],[402.2,684.2],[406,650.5],[410.4,600.5],[413,572],[415,550.5],[418.4,501],[368.5,499.8]],"c":true}}},{"ty":"fl","o":{"k":100},"c":{"k":[0,0,1]}},{"ty":"tr","o":{"k":100},"r":{"k":0},"p":{"k":[0,0]},"a":{"k":[0,0]},"s":{"k":[100,100]},"sk":{"k":0},"sa":{"k":0},"hd":false}]},{"ty":"gr","hd":false,"it":[{"ty":"sh","ks":{"k":{"i":[[0,0],[3.3,-4.8],[0,-9.7],[-8,-8],[-12.3,-0.1],[-5.9,2.9],[-2.6,2.7],[0,0],[0,0],[-11.2,0],[-5.7,16.7],[17,8.6],[9,0],[5.4,-2.7],[2.6,-2.6],[0.3,0],[2.9,2.9],[10.8,0.4],[2.6,-0.9]],"o":[[-6.3,2],[-5.5,7.9],[0,12.4],[8,8],[7.8,0],[3.6,-1.7],[0,0],[0,0],[7.9,7.6],[17.2,0],[5.8,-16.8],[-5.1,-2.6],[-9.1,0],[-3.3,1.7],[-2.7,2.7],[-0.3,0],[-7.4,-7.2],[-5.5,-0.3],[0,0]],"v":[[173.4,455.4],[155,468.6],[148,491],[158.4,517.6],[185.2,528.3],[200.4,525.1],[211.7,517],[216.6,512],[222.6,517.89],[248.5,528.2],[284.1,502.2],[264.2,457.39],[248.5,454.5],[232.6,457.5],[221.9,465.2],[216.6,470],[210.8,464.8],[186.1,454.4],[173.4,455.4]],"c":true}}},{"ty":"fl","o":{"k":100},"c":{"k":[0,0,1]}},{"ty":"tr","o":{"k":100},"r":{"k":0},"p":{"k":[0,0]},"a":{"k":[0,0]},"s":{"k":[100,100]},"sk":{"k":0},"sa":{"k":0},"hd":false}]},{"ty":"gr","hd":false,"it":[{"ty":"sh","ks":{"k":{"i":[[0,0],[43.7,-43.6],[0.7,-2],[0.6,-6.9],[0.6,-6.1],[0,-3.9],[0,0],[0,0],[-2.1,-0.8],[-2.8,-7.4],[0.2,-9.2],[0,0],[0,0],[0,0],[0,0],[-0.6,6.6],[-0.5,5.5],[-0.5,6.9],[-0.8,8.8],[-0.5,6.3],[-1.7,18.7],[0,1.9],[0,0],[0,0],[1.1,-1.3],[4.8,-57.1],[0.3,-1.7],[0.5,-6.9],[2.1,-23.7],[0.9,-8.5],[0.6,-6.6],[0.3,-2.8],[0,0],[0,0],[0,0],[-0.5,6.6],[-0.6,6],[-0.8,8.8],[1.9,12.3],[5.1,10.5],[17.1,4.4],[12.2,-0.7],[13.7,-6.5],[14.1,-43],[-5.6,-24.2],[0.3,-0.3],[18.4,0],[0.6,1.4],[-0.7,6.7],[-0.8,8],[-0.6,7.1],[-0.5,5.5],[-0.8,9.6],[-0.6,5.8],[-0.6,6.9],[-0.6,5.5],[-0.1,4.9],[0,0],[0,0],[0.7,-1.3],[2.5,-28.3],[0.5,-5.2],[1.1,-13.2],[3.6,-38.5],[0.5,-6.1],[1.3,-14.8],[-0.9,-0.9],[-1.5,1.5],[-1.4,18.9],[-0.5,5.5],[1.8,7.4],[30.4,4.4],[12.7,0],[-0.4,1.1],[-33.2,33.4],[0.2,0.6],[2.2,0.4],[5.1,-0.7]],"o":[[-2.4,0.4],[-36.3,36.2],[-0.5,1.6],[-0.6,6.9],[-0.6,6],[0,0],[0,0],[38.8,0.4],[8.6,3],[1.3,3.3],[0,0],[0,0],[0,0],[0,0],[0.4,-2.7],[0.5,-6.6],[0.5,-5.5],[0.6,-6.8],[0.9,-8.8],[1.9,-21.3],[0.6,-6.9],[0,0],[0,0],[-22.7,-0.2],[-1.3,1.6],[-0.6,6.9],[-0.3,1.7],[-1,12.1],[-0.5,6.3],[-0.8,8.5],[-0.5,6.6],[0,0],[0,0],[0,0],[0.3,-2.3],[0.5,-6.6],[0.6,-6.1],[1.9,-21.2],[-1.6,-10.5],[-7.2,-15],[-9.2,-2.4],[-18,0.9],[-32.5,15.6],[-12.4,38.1],[0.7,3.1],[-0.3,0.3],[-29.5,0],[-0.3,-0.9],[0.6,-6.7],[0.7,-8],[0.6,-7.2],[0.6,-5.5],[0.8,-9.6],[0.5,-5.8],[0.6,-6.9],[0.5,-5.5],[0,0],[0,0],[-22.9,0],[-0.7,1.4],[-0.5,6.3],[-0.5,5.2],[-3.1,35.9],[-0.8,9.1],[-2.3,25.5],[-1.2,12.1],[1.6,1.6],[1.3,-1.3],[0.7,-8],[1.4,-14.8],[-6.2,-26.6],[-3.8,-0.6],[-25.7,-0.1],[0.2,-0.5],[33.2,-33.4],[-0.2,-0.7],[-4.1,-0.7],[0,0]],"v":[[1089.5,412.7],[1031.8,467.8],[976,525.5],[974,541],[971.8,564.5],[970.6,582.5],[970.5,589.5],[1029.5,590],[1091.6,591.7],[1107.4,606.2],[1108.8,622.5],[1108.5,634.5],[1005.2,634.8],[901.8,635],[902.4,630.3],[904.1,613.5],[906,591.5],[907.9,569],[910.5,540.5],[913,513],[920.2,433],[921.4,417],[921.5,413.5],[894.9,413.2],[867,414.5],[860.1,481],[858.5,496.6],[857,512.1],[853,558],[850.5,585],[848,612.5],[846.4,629.7],[845.8,635],[782.8,635],[783.4,630.7],[785,614.5],[787,591.5],[789.5,564.5],[789.6,481.5],[779.2,449],[738.5,416.5],[699.5,413.4],[654.5,424],[583,514],[570.5,628.2],[571.2,634.4],[537.3,635],[503.3,633.4],[503.91,619.7],[506.51,593],[509.01,565.5],[511.01,542.5],[513.51,515],[516.01,487],[518.01,464],[520.11,441.5],[521.31,422.5],[521.51,413.5],[494.61,413.5],[466.91,415],[462.91,452],[461.01,473],[458.01,506.5],[450.51,590],[448.01,617.7],[443.61,667],[443.31,683.7],[1159.11,684.3],[1163.01,655],[1165.11,630.6],[1164.41,591],[1105.52,541.1],[1075.52,540],[1034.21,538],[1094.82,476.5],[1154.71,414.7],[1150.41,412.8],[1089.52,412.7]],"c":true}}},{"ty":"sh","ks":{"k":{"i":[[0,0],[-3.7,-9.2],[0,0],[0,0],[0.6,-5.2],[3.5,-39.6],[0.4,-1.7],[0,0],[0,0],[9.8,4.4],[2.3,13.8],[-0.9,6],[-0.6,3.8],[-3.6,8.6],[-0.8,1.9],[-14.6,7.4],[0,0],[0,0],[-4.7,-2.5]],"o":[[6.6,3.5],[0,0],[0,0],[0,13.2],[-1.2,9.8],[-1.1,12.8],[0,0],[0,0],[-30.3,0],[-12.2,-5.6],[-1.1,-6.5],[0.3,-2],[1.7,-11.3],[0.7,-1.7],[7.5,-19.4],[0,0],[0,0],[13.4,0.3],[0,0]],"v":[[719.6,467.2],[733.5,484.2],[736.5,491.5],[736.4,515.5],[735.2,549],[729.9,605.8],[727.3,632.1],[726.8,635],[698.6,635],[651.8,629.8],[627,596.5],[626.5,565.1],[628.1,554.5],[637.4,519.5],[640.1,513],[677.4,467.9],[685.5,463.8],[700,464.2],[719.6,467.2]],"c":true}}},{"ty":"fl","o":{"k":100},"c":{"k":[0,0,1]}},{"ty":"tr","o":{"k":100},"r":{"k":0},"p":{"k":[0,0]},"a":{"k":[0,0]},"s":{"k":[100,100]},"sk":{"k":0},"sa":{"k":0},"hd":false}]},{"ty":"tr","o":{"k":100},"r":{"k":0},"p":{"k":[0,0]},"a":{"k":[0,0]},"s":{"k":[100,100]},"sk":{"k":0},"sa":{"k":0},"hd":false}]},{"ty":"tm","s":{"a":0,"k":0,"ix":1},"e":{"a":1,"k":[{"i":{"x":[0.35],"y":[1]},"o":{"x":[0.17],"y":[0.17]},"t":0,"s":[25]},{"t":55,"s":[100]}],"ix":2},"o":{"a":0,"k":0,"ix":3},"m":1,"ix":2,"nm":"Trim Paths 1","mn":"ADBE Vector Filter - Trim","hd":false}]}],"meta":{"g":"LF SVG to Lottie"},"assets":[]}